vendor,current_price,old_price
Walmart,418.471,479.385
Walmart,160.434,835.968
Walmart,340.182,308.753
Walmart,349.087,464.161
Walmart,228.505,183.387
Walmart,350.71,672.094
Walmart,207.855,354.96
Walmart,151.605,89.043
Walmart,438.294,425.268
Walmart,59.524,730.055
Walmart,450.941,230.677
Walmart,476.554,392.381
Walmart,351.777,190.442
Walmart,257.893,859.139
Walmart,224.728,81.02
Walmart,421.116,209.153
Walmart,55.156,653.437
Walmart,431.608,385.132
Walmart,65.535,264.617
Walmart,147.713,719.64
Walmart,23.635,690.975
Walmart,55.996,201.978
Walmart,340.218,738.019
Walmart,424.999,605.402
Walmart,398.675,131.512
Walmart,146.154,970.74
Walmart,307.624,393.773
Walmart,407.792,745.672
Walmart,0.265,9.706
Walmart,10.563,509.883
Walmart,220.564,227.66
Walmart,145.145,399.158
Walmart,88.101,786.341
Walmart,486.69,298.874
Walmart,337.581,239.875
Walmart,340.477,471.931
Walmart,27.063,62.923
Walmart,483.06,241.576
Walmart,11.069,580.253
Walmart,323.684,766.77
Walmart,436.426,465.145
Walmart,455.229,516.498
Walmart,311.943,328.158
Walmart,195.971,269.388
Walmart,425.727,40.536
Walmart,224.09,925.978
Walmart,207.835,403.564
Walmart,139.616,571.856
Walmart,327.177,476.107
Walmart,325.242,663.126
Walmart,30.668,416.46
Walmart,370.545,155.754
Walmart,226.477,149.973
Walmart,244.745,510.036
Walmart,376.616,960.452
Walmart,357.93,219.695
Walmart,9.952,955.822
Walmart,95.961,297.038
Walmart,228.217,390.701
Walmart,139.102,229.041
Walmart,37.481,227.64
Walmart,213.296,679.127
Walmart,186.232,160.034
Walmart,319.705,582.7
Walmart,153.34,639.676
Walmart,407.411,260.051
Walmart,442.877,137.828
Walmart,359.416,414.507
Walmart,154.449,141.38
Walmart,143.62,370.335
Walmart,325.791,288.971
Walmart,99.22,587.833
Walmart,316.033,933.939
Walmart,222.004,402.445
Walmart,156.164,96.199
Walmart,354.257,929.142
Walmart,142.039,860.172
Walmart,17.947,558.819
Walmart,332.903,477.043
Walmart,110.194,38.653
Walmart,95.739,28.539
Walmart,122.678,145.744
Walmart,249.064,854.308
Walmart,8.811,17.371
Walmart,344.916,535.441
Walmart,241.456,978.477
Walmart,487.871,368.223
Walmart,153.95,913.517
Walmart,57.84,573.525
Walmart,429.383,404.612
Walmart,275.945,858.204
Walmart,454.565,459.83
Walmart,314.472,713.98
Walmart,19.749,174.873
Walmart,373.992,101.77
Walmart,91.63,75.875
Walmart,369.293,51.994
Walmart,253.395,478.938
Walmart,486.919,346.483
Walmart,285.276,558.493
Walmart,144.802,726.088
Walmart,335.305,536.208
Walmart,110.962,599.785
Walmart,265.194,321.909
Walmart,129.457,477.796
Walmart,412.26,816.47
Walmart,76.043,389.285
Walmart,32.143,402.542
Walmart,123.984,988.021
Walmart,401.497,127.098
Walmart,37.921,375.569
Walmart,309.824,581.356
Walmart,407.369,707.111
Walmart,44.033,136.749
Walmart,202.765,254.356
Walmart,451.67,649.353
Walmart,420.721,774.471
Walmart,84.1,327.176
Walmart,243.5,844.239
Walmart,130.356,122.267
Walmart,472.207,586.258
Walmart,31.767,69.303
Walmart,402.58,472.932
Walmart,60.748,992.784
Walmart,352.42,167.504
Walmart,7.805,864.63
Walmart,284.778,37.101
Walmart,406.125,960.957
Walmart,475.054,15.244
Walmart,497.656,570.478
Walmart,224.362,720.674
Walmart,7.13,272.587
Walmart,11.497,342.271
Walmart,223.589,966.733
Walmart,381.292,550.06
Walmart,339.776,459.863
Walmart,344.267,403.993
Walmart,46.192,786.52
Walmart,8.527,920.359
Walmart,300.273,204.535
Walmart,435.52,32.695
Walmart,175.132,131.309
Walmart,56.741,315.039
Walmart,232.014,541.815
Walmart,308.167,877.855
Walmart,497.225,848.194
Walmart,265,674.968
Walmart,130.381,260.641
Walmart,288.879,913.11
Walmart,189.524,913.093
Walmart,188.616,764.72
Walmart,221.387,583.7
Walmart,461.192,425.32
Walmart,90.706,867.9
Walmart,376.423,506.077
Walmart,218.609,954.495
Walmart,74.718,767.556
Walmart,6.668,353.449
Walmart,253.128,204.794
Walmart,83.656,298.011
Walmart,53.448,938.283
Walmart,383.711,801.098
Walmart,419.683,565.603
Walmart,83.993,787.74
Walmart,403.098,789.939
Walmart,399.262,205.598
Walmart,19.813,569.085
Walmart,310.986,273.538
Walmart,279.574,502.625
Walmart,194.055,94.796
Walmart,433.258,942.5
Walmart,356.7,558.201
Walmart,213.748,308.173
Walmart,407.154,214.312
Walmart,199.645,417.704
Walmart,318.515,403.723
Walmart,200.466,857.008
Walmart,4.393,906.22
Walmart,396.464,647.644
Walmart,289.67,311.77
Walmart,54.917,47.826
Walmart,464.177,68.21
Walmart,150.552,859.5
Walmart,372.223,522.016
Walmart,120.247,303.901
Walmart,497.085,532.504
Walmart,377.048,528.049
Walmart,371.658,781.77
Walmart,354.007,180.284
Walmart,62.887,187.394
Walmart,9.711,323.329
Walmart,13.432,43.193
Walmart,60.922,301.784
Walmart,40.472,778.985
Walmart,59.575,105.916
Walmart,21.786,390.47
Walmart,244.065,587.493
Walmart,240.291,767.52
Walmart,437.621,31.283
Walmart,457.833,198.984
Walmart,493.2,698.255
Walmart,15.174,431.707
Walmart,335.04,614.368
Walmart,59.862,452.741
Walmart,425.782,223.235
Walmart,18.571,922.605
Walmart,275.003,206.86
Walmart,203.308,529.665
Walmart,51.445,292.47
Walmart,419.007,961.104
Walmart,322.966,868.208
Walmart,446.22,910.175
Walmart,210.447,994.042
Walmart,230.688,473.174
Walmart,437.955,352.217
Walmart,225.501,66.877
Walmart,143.579,488.179
Walmart,403.515,573.266
Walmart,63.806,291.961
Walmart,72.539,920.12
Walmart,48.971,552.296
Walmart,278.497,199.689
Walmart,434.833,496.701
Walmart,248.327,104.33
Walmart,120.826,254.918
Walmart,432.013,355.586
Walmart,244.241,839.121
Walmart,479.771,953.446
Walmart,132.997,345.547
Walmart,239.803,240.903
Walmart,16.799,124.553
Walmart,89.903,576.057
Walmart,485.798,325.311
Walmart,143.031,498.655
Walmart,350.958,936.945
Walmart,465.428,959.329
Walmart,197.793,337.324
Walmart,70.802,270.525
Walmart,408.918,472.645
Walmart,468.353,567.257
Walmart,197.701,590.895
Walmart,19.838,54.737
Walmart,185.621,452.647
Walmart,203.908,779.772
Walmart,48.086,482.183
Walmart,71.479,514.391
Walmart,210.9,432.065
Walmart,411.383,731.946
Walmart,119.203,937.752
Walmart,397.064,169.742
Walmart,255.752,731.865
Walmart,71.187,301.279
Walmart,70.762,827.839
Walmart,254.298,792.355
Walmart,68.731,173.834
Walmart,206.994,7.519
Walmart,142.337,927.138
Walmart,148.823,766.612
Walmart,349.157,327.011
Walmart,1.706,837.758
Walmart,82.99,618.552
Walmart,31.038,965.848
Walmart,276.554,406.749
Walmart,360.706,337.031
Walmart,128.969,593.693
Walmart,291.202,405.417
Walmart,257.325,859.141
Walmart,97.262,902.669
Walmart,477.282,209.31
Walmart,494.046,969.477
Walmart,99.807,899.422
Walmart,40.614,185.796
Walmart,57.46,446.97
Walmart,28.535,781.333
Walmart,350.639,255.818
Walmart,232.493,559.252
Walmart,313.921,722.548
Walmart,59.407,917.97
Walmart,191.062,439.171
Walmart,494.056,148.135
Walmart,354.718,313.744
Walmart,293.896,956.726
Walmart,53.145,116.435
Walmart,282.305,562.69
Walmart,106.442,626.849
Walmart,182.385,260.475
Walmart,479.682,975.153
Walmart,493.281,776.587
Walmart,403.11,57.329
Walmart,19.194,921.509
Walmart,383.836,97.436
Walmart,429.133,447.727
Walmart,479.322,909.86
Walmart,368.118,377.324
Walmart,277.514,635.949
Walmart,191.549,634.406
Walmart,404.206,72.464
Walmart,369.243,269.38
Walmart,426.599,583.398
Walmart,94.433,392.772
Walmart,63.839,345.139
Walmart,315.436,318.068
Walmart,241.294,774.471
Walmart,351.153,542.992
Walmart,495.828,328.509
Walmart,45.925,446.405
Walmart,446.666,927.843
Walmart,300.605,199
Walmart,110.739,419.111
Walmart,418.714,464.004
Walmart,0.791,292.352
Walmart,136.527,475.79
Walmart,314.506,560.455
Walmart,176.438,900.904
Walmart,189.947,537.648
Walmart,30.966,943.08
Walmart,119.033,406.295
Walmart,496.325,523.22
Walmart,307.476,307.422
Walmart,23.976,87.264
Walmart,479.489,646.19
Walmart,322.906,963.998
Walmart,249.487,743.856
Walmart,457.632,161.775
Walmart,249.11,496.455
Walmart,197.526,487.48
Walmart,470.428,536.994
Walmart,481.088,826.06
Walmart,175.892,105.682
Walmart,95.489,321.605
Walmart,131.702,480.447
Walmart,488.894,109.106
Walmart,277.246,5.858
Walmart,361.041,942.853
Walmart,21.118,440.095
Walmart,268.818,520.711
Walmart,444.659,669.999
Walmart,451.52,71.514
Walmart,492.978,885.49
Walmart,455.572,132.153
Walmart,178.121,921.381
Walmart,301.53,615.097
Walmart,411.377,672.316
Walmart,460.571,113.719
Walmart,156.126,302.48
Walmart,197.64,550.823
Walmart,291.105,879.557
Walmart,190.919,124.348
Walmart,327.366,823.275
Walmart,267.175,415.575
Walmart,438.084,710.198
Walmart,264.485,192.777
Walmart,446.453,468.628
Walmart,387.501,35.657
Walmart,282.943,850.51
Walmart,111.573,460.215
Walmart,381.381,797.793
Walmart,412.253,644.281
Walmart,176.283,221.178
Walmart,350.694,43.002
Walmart,378.312,704.361
Walmart,34.577,58.006
Walmart,300.243,992.909
Walmart,340.445,503.078
Walmart,374.292,431.688
Walmart,408.195,889.702
Walmart,126.536,320.517
Walmart,289.653,329.807
Walmart,176.869,704.923
Walmart,344.282,585.209
Walmart,387.024,891.169
Walmart,456.185,99.551
Walmart,420.255,126.225
Walmart,12.827,747.609
Walmart,179.655,929.103
Walmart,319.355,696.706
Walmart,125.705,531.936
Walmart,25.801,460.822
Walmart,341.925,498.344
Walmart,74.556,872.272
Walmart,139.019,844.84
Walmart,154.734,863.143
Walmart,73.977,367.641
Walmart,346.81,169.776
Walmart,355.335,879.471
Walmart,210.6,721.953
Walmart,428.34,748.569
Walmart,316.18,202.258
Walmart,450.533,908.591
Walmart,189.147,996.241
Walmart,360.107,482.078
Walmart,87.73,41.418
Walmart,448.454,445.683
Walmart,64.816,961.004
Walmart,343.686,124.832
Walmart,433.427,996.689
Walmart,494.589,156.991
Walmart,447.423,832.794
Walmart,17.452,477.109
Walmart,380.508,154.63
Walmart,250.437,131.721
Walmart,442.999,129.659
Walmart,341.368,781.065
Walmart,494.531,157.165
Walmart,109.18,51.58
Walmart,27.777,541.956
Walmart,290.681,851.386
Walmart,283.056,84.458
Walmart,423.369,169.866
Walmart,378.64,389.432
Walmart,78.115,329.791
Walmart,203.76,651.533
Walmart,113.023,156.055
Walmart,237.703,916.048
Walmart,278.663,539.638
Walmart,402.239,691.567
Walmart,405.361,740.792
Walmart,200.464,689.868
Walmart,333.449,694.583
Walmart,35.622,87.492
Walmart,122.4,692.8
Walmart,496.378,795.511
Walmart,356.018,754.16
Walmart,409.81,721.36
Walmart,143.224,298.356
Walmart,493.134,864.296
Walmart,1.525,466.629
Walmart,158.191,777.852
Walmart,369.892,994.601
Walmart,492.423,697.409
Walmart,327.568,675.1
Walmart,121.407,474.988
Walmart,378.817,801.275
Walmart,312.818,584.935
Walmart,349.662,346.841
Walmart,458.34,258.814
Walmart,137.706,78.198
Walmart,457.419,799.422
Walmart,429.922,134.21
Walmart,271.587,396.4
Walmart,128.589,983.516
Walmart,237.702,702.107
Walmart,466.303,613.967
Walmart,122.74,267.871
Walmart,276.728,162.452
Walmart,440.237,699.264
Walmart,235.349,338.646
Walmart,235.094,665.317
Walmart,255.24,417.031
Walmart,67.31,36.33
Walmart,297.286,960.218
Walmart,382.409,173.508
Walmart,233.139,585.397
Walmart,138.119,619.96
Walmart,338.445,616.577
Walmart,210.232,348.379
Walmart,199.509,442.458
Walmart,353.493,825.354
Walmart,365.518,617.676
Walmart,400.998,433.523
Walmart,455.514,738.139
Walmart,134.195,13.342
Walmart,375.213,543.527
Walmart,186.458,280.972
Walmart,206.523,455.546
Walmart,171.342,422.155
Walmart,177.315,573.407
Walmart,312.868,715.479
Walmart,243.62,522.528
Walmart,9.73,509.248
Walmart,267.388,185.33
Walmart,32.847,430.57
Walmart,237.331,345.536
Walmart,127.322,788.006
Walmart,151.525,233.469
Walmart,117.567,364.957
Walmart,265.558,204.657
Walmart,360.923,784.104
Walmart,89.826,58.953
Walmart,415.285,660.496
Walmart,293.037,955.438
Walmart,390.851,295.679
Walmart,431.258,652.335
Walmart,187.489,581.657
Walmart,456.936,800.013
Walmart,62.868,683.785
Walmart,435.821,756.128
Walmart,241.428,754.939
Walmart,90.676,226.468
Walmart,216.395,275.29
Walmart,485.366,462.818
Walmart,457.767,642.428
Walmart,143.072,113.901
Walmart,396.992,48.287
Walmart,300.866,42.367
Walmart,430.715,259.295
Walmart,65.47,514.359
Walmart,427.803,591.72
Walmart,280.424,618.444
Walmart,401.632,304.737
Walmart,479.054,677.06
Walmart,217.493,65.426
Walmart,284.217,856.802
Walmart,151.214,407.716
Walmart,423.773,13.085
Walmart,20.391,911.113
Walmart,195.307,466.402
Walmart,229.635,926.287
Walmart,303.606,164.289
Walmart,427.582,920.753
Walmart,28.863,458.425
Walmart,44.751,187.527
Walmart,279.397,888.341
Walmart,420.046,349.169
Walmart,218.004,412.088
Walmart,81.675,572.686
Walmart,354.833,572.601
Walmart,244.465,191.865
Walmart,62.446,379.702
Walmart,477.855,469.648
Walmart,202.829,123.329
Walmart,406.043,881.459
Walmart,182.799,245.739
Walmart,478.387,615.355
Walmart,350.879,70.73
Walmart,353.821,15.981
Walmart,112.386,48.446
Walmart,287.958,816.563
Walmart,2.765,483.959
Walmart,127.186,987.7
Walmart,364.271,880.122
Walmart,428.334,414.147
Walmart,162.324,326.758
Walmart,303.543,931.602
Walmart,383.464,270.186
Walmart,19.303,193.864
Walmart,352.68,364.649
Walmart,152.785,115.453
Walmart,411.26,831.442
Walmart,267.551,317.784
Walmart,407.283,472.043
Walmart,262.588,805.777
Walmart,214.361,740.3
Walmart,329.266,804.69
Walmart,44.892,992.641
Walmart,318.298,396.449
Walmart,103.783,844.105
Walmart,56.578,253.861
Walmart,358.092,525.566
Walmart,316.853,103.078
Walmart,256.071,919.037
Walmart,268.15,643.085
Walmart,133.758,389.466
Walmart,452.653,200.001
Walmart,28.059,686.885
Walmart,273.622,726.282
Walmart,87.39,241.937
Walmart,389.981,26.434
Walmart,226.376,136.76
Walmart,419.007,35.845
Walmart,373.484,371.672
Walmart,265.55,863.767
Walmart,297.373,101.878
Walmart,316.696,249.723
Walmart,456.843,879.512
Walmart,39.722,795.952
Walmart,294.221,241.353
Walmart,79.733,10.671
Walmart,364.602,987.465
Walmart,394.519,662.255
Walmart,173.8,909.116
Walmart,292.026,591.771
Walmart,108.995,978.06
Walmart,6.185,601.42
Walmart,262.745,22.888
Walmart,176.57,66.441
Walmart,431.856,347.314
Walmart,87.949,785.118
Walmart,497.174,740.042
Walmart,398.647,332.834
Walmart,122.569,512.938
Walmart,13.723,357.053
Walmart,394.604,6.807
Walmart,196.264,208.871
Walmart,475.66,744.126
Walmart,349.122,837.028
Walmart,169.162,152.45
Walmart,257.832,526.307
Walmart,316.168,655.129
Walmart,315.431,619.558
Walmart,379.817,979.995
Walmart,2.095,439.418
Walmart,452.664,710.352
Walmart,429.61,780.125
Walmart,54.764,112.723
Walmart,456.805,496.648
Walmart,50.648,683.671
Walmart,357.516,63.477
Walmart,277.15,259.281
Walmart,325.151,728.713
Walmart,380.76,822.012
Walmart,395.558,475.831
Walmart,131.785,841.044
Walmart,329.015,693.047
Walmart,187.638,359.28
Walmart,359.968,299.005
Walmart,428.564,987.571
Walmart,135.081,901.982
Walmart,472.168,664.254
Walmart,410.111,15.334
Walmart,336.707,767.351
Walmart,361.349,802.778
Walmart,228.468,828.991
Walmart,200.15,607.682
Walmart,381.421,974.967
Walmart,489.215,22.423
Walmart,285.679,890.035
Walmart,191.046,411.316
Walmart,453.173,630.826
Walmart,355.403,797.379
Walmart,325.8,673.114
Walmart,230.411,805.951
Walmart,45.455,451.284
Walmart,39.338,306.063
Walmart,26.872,916.941
Walmart,428.038,909.564
Walmart,96.101,544.561
Walmart,384.21,768.029
Walmart,499.154,474.533
Walmart,252.459,301.192
Walmart,168.333,561.725
Walmart,472.39,741.399
Walmart,242.057,211.977
Walmart,148.728,240.231
Walmart,257.603,774.551
Walmart,425.612,438.998
Walmart,425.712,478.286
Walmart,248.335,369.682
Walmart,130.327,96.713
Walmart,173.705,570.955
Walmart,71.328,635.688
Walmart,52.007,647.406
Walmart,289.601,773.503
Walmart,280.347,144.719
Walmart,325.526,192.967
Walmart,46.932,858.699
Walmart,124.213,478.361
Walmart,373.358,163.035
Walmart,498.03,91.29
Walmart,207.214,579.337
Walmart,217.58,222.85
Walmart,15.426,967.587
Walmart,76.416,821.504
Walmart,289.176,358.541
Walmart,376.81,114.518
Walmart,422.623,619.124
Walmart,12.71,576.774
Walmart,345.551,209.335
Walmart,178.848,862.64
Walmart,378.25,699.256
Walmart,266.677,430.793
Walmart,307.865,447.258
Walmart,132.997,401.688
Walmart,264.851,961.078
Walmart,454.81,177.089
Walmart,24.967,525.814
Walmart,158.12,685.798
Walmart,252.558,671.002
Walmart,435.511,186.614
Walmart,70.865,469.895
Walmart,32.442,467.391
Walmart,331.977,27.725
Walmart,457.352,608.143
Walmart,275.113,840.513
Walmart,9.493,353.873
Walmart,125.601,140.134
Walmart,251.726,350.198
Walmart,219.244,203.716
Walmart,335.549,901.205
Walmart,419.911,988.41
Walmart,128.363,935.963
Walmart,302.538,604.078
Walmart,27.91,992.32
Walmart,223.72,720.264
Walmart,314.166,329.435
Walmart,238.496,280.648
Walmart,257.024,751.211
Walmart,130.594,185.066
Walmart,382.819,709.841
Walmart,32.237,111.449
Walmart,467.435,252.386
Walmart,157.262,126.449
Walmart,62.475,342.582
Walmart,271.297,311.569
Walmart,341.996,571.655
Walmart,95.31,759.864
Walmart,63.001,344.485
Walmart,468.643,866.368
Walmart,451.306,639.23
Walmart,15.297,360.175
Walmart,170.646,255.055
Walmart,301.881,337.241
Walmart,393.564,994.783
Walmart,63.281,288.508
Walmart,382.568,111.042
Walmart,44.691,235.595
Walmart,112.117,785.167
Walmart,166.906,787.303
Walmart,10.34,466.776
Walmart,144.922,770.38
Walmart,152.708,850.979
Walmart,429.914,927.797
Walmart,383.521,980.487
Walmart,211.543,917.331
Walmart,396.27,900.98
Walmart,51.5,241.453
Walmart,439.969,270.483
Walmart,110.013,695.028
Walmart,67.553,567.852
Walmart,353.677,883.46
Walmart,201.547,233.985
Walmart,108.239,485.901
Walmart,354.417,82.636
Walmart,492.301,979.516
Walmart,113.414,979.339
Walmart,72.986,148.199
Walmart,128.582,669.602
Walmart,383.061,859.673
Walmart,335.345,613.83
Walmart,329.412,297.57
Walmart,149.18,299.204
Walmart,83.487,667.813
Walmart,284.01,635.768
Walmart,426.42,887.769
Walmart,273.189,487.914
Walmart,32.855,243.88
Walmart,361.292,98.794
Walmart,247.978,218.858
Walmart,119.294,196.404
Walmart,75.358,484.189
Walmart,479.715,446.707
Walmart,62.69,747.389
Walmart,167.759,209.886
Walmart,248.684,559.034
Walmart,169.996,950.872
Walmart,393.839,899.663
Walmart,220.34,134.013
Walmart,215.997,618.132
Walmart,259.78,215.638
Walmart,326.517,782.467
Walmart,224.157,355.616
Walmart,290.409,274.183
Walmart,208.639,435.98
Walmart,36.452,373.825
Walmart,160.86,171.161
Walmart,246.134,423.366
Walmart,494.988,447.895
Walmart,36.273,815.249
Walmart,99.887,475.343
Walmart,372.922,910.728
Walmart,284.519,203.073
Walmart,387.934,353.355
Walmart,201.675,806.8
Walmart,267.185,854.321
Walmart,302.143,299.827
Walmart,495.482,929.693
Walmart,256.174,251.35
Walmart,236.42,120.603
Walmart,468.355,159.064
Walmart,220.811,342.297
Walmart,325.946,388.995
Walmart,44.815,463.349
Walmart,26.581,197.24
Walmart,10.549,835.457
Walmart,397.098,261.295
Walmart,238.48,856.636
Walmart,223.673,414.425
Walmart,281.711,954.404
Walmart,443.058,534.529
Walmart,485.092,385.31
Walmart,252.86,597.024
Walmart,477.68,541.038
Walmart,385.7,825.615
Walmart,54.958,765.886
Walmart,407.131,902.82
Walmart,186.511,74.842
Walmart,63.171,494.838
Walmart,321.36,876.76
Walmart,460.98,672.7
Walmart,46.736,768.08
Walmart,354.752,626.843
Walmart,297.837,150.513
Walmart,169.663,140.979
Walmart,176.894,512.742
Walmart,218.264,655.984
Walmart,307.526,257.056
Walmart,44.163,372.893
Walmart,111.208,858.385
Walmart,213.684,932.233
Walmart,101.73,254.406
Walmart,488.637,402.635
Walmart,88.445,467.276
Walmart,392.385,852.166
Walmart,110.352,101.367
Walmart,287.654,275.888
Walmart,276.548,907.425
Walmart,101.716,7.618
Walmart,219.038,784.096
Walmart,415.479,850.127
Walmart,90.524,326.294
Walmart,9.845,949.154
Walmart,148.688,665.209
Walmart,298.62,142.68
Walmart,246.497,719.001
Walmart,229.139,61.544
Walmart,256.639,399.629
Walmart,313.2,335.54
Walmart,255.78,994.855
Walmart,379.786,221.836
Walmart,166.081,647.144
Walmart,459.464,993.805
Walmart,250.414,529.632
Walmart,265.273,567.021
Walmart,118.216,26.406
Walmart,396.98,386.662
Walmart,134.82,927.787
Walmart,384.044,942.619
Walmart,102.639,600.671
Walmart,385.103,346.899
Walmart,90.92,18.269
Walmart,265.253,528.036
Walmart,283.104,475.416
Walmart,70.017,654.623
Walmart,140.197,601.87
Walmart,105.287,229.739
Walmart,110.852,11.474
Walmart,29.713,465.731
Walmart,243.071,100.816
Walmart,364.621,630.393
Walmart,300.273,761.801
Walmart,21.478,577.999
Walmart,189.605,631.392
Walmart,471.196,809.773
Walmart,414.382,727.149
Walmart,229.713,685.399
Walmart,305.656,535.495
Walmart,166.33,599.373
Walmart,193.643,449.651
Walmart,401.562,208.316
Walmart,338.308,453.246
Walmart,192.424,739.693
Walmart,60,635.346
Walmart,463.9,824.984
Walmart,181.958,580.316
Walmart,41.556,457.334
Walmart,311.137,940
Walmart,394.857,131.966
Walmart,272.871,516.13
Walmart,460.779,443.236
Walmart,432.184,439.516
Walmart,491.039,391.305
Walmart,436.287,929.778
Walmart,462.877,690.586
Walmart,182.283,617.285
Walmart,418.327,581.975
Walmart,315.045,501.847
Walmart,89.887,84.296
Walmart,201.541,604.169
Walmart,419.662,982.649
Walmart,199.73,506.683
Walmart,419.232,94.71
Walmart,479.296,511.874
Walmart,25.796,532.601
Walmart,110.901,211.753
Walmart,92.877,915.125
Walmart,305.259,390.822
Walmart,138.588,65.565
Walmart,157.377,919.871
Walmart,247.377,625.207
Walmart,304.77,756.106
Walmart,134.521,792.44
Walmart,413.721,850.152
Walmart,470.434,397.377
Walmart,294.831,951.623
Walmart,207.445,85.35
Walmart,233.322,603.293
Walmart,164.075,237.197
Walmart,366.5,404.233
Walmart,356.11,841.148
Walmart,263.329,206.751
Walmart,172.23,328.919
Walmart,222.936,542.212
Walmart,55.144,385.421
Walmart,454.067,160.945
Walmart,150.23,588.273
Walmart,118.711,941.311
Walmart,287.4,825.74
Walmart,206.07,563.74
Walmart,170.558,406.031
Walmart,296.519,269.336
Walmart,64.9,887.715
Walmart,233.514,475.9
Walmart,406.967,159.459
Walmart,242.225,734.968
Walmart,97.924,598.403
Walmart,348.037,413.516
Walmart,5.872,985.969
Walmart,294.923,115.655
Walmart,389.136,560.813
Walmart,392.573,473.743
Walmart,416.098,658.882
Walmart,5.222,506.073
Walmart,340.286,544.152
Walmart,145.263,601.427
Walmart,384.763,986.986
Walmart,212.091,919.87
Walmart,56.615,308.571
Walmart,36.369,660.939
Walmart,445.427,352.154
Walmart,13.221,627.206
Walmart,371.671,320.885
Walmart,444.511,380.661
Walmart,368.71,297.53
Walmart,71.863,106.619
Walmart,352.307,634.584
Walmart,231.099,397.56
Walmart,440.519,990.042
Walmart,429.094,927.197
Walmart,29.029,807.446
Walmart,270.613,654.813
Walmart,241.387,359.494
Walmart,4.506,279.283
Walmart,277.238,545.823
Walmart,318.326,187.199
Walmart,451.37,260.603
Walmart,66.759,457.226
Walmart,483.949,573.74
Walmart,197.195,378.026
Walmart,139.434,853.254
Walmart,285.356,846.367
Walmart,390.215,253.161
Walmart,98.572,137.502
Walmart,208.734,32.849
Walmart,148.501,543.389
Walmart,188.136,441.495
Walmart,160.241,155.379
Walmart,241.829,422.184
Walmart,150.777,813.721
Walmart,207.346,459.5
Walmart,169.44,894.751
Walmart,242.6,872.588
Walmart,247.554,848.517
Walmart,237.875,791.461
Walmart,9.599,933.815
Walmart,115.407,385.365
Walmart,271.474,663.589
Walmart,146.965,871.638
Walmart,137.959,948.84
Walmart,372.475,749.282
Walmart,270.032,629.504
Walmart,310.099,298.935
Walmart,492.513,578.68
Walmart,137.019,969.287
Walmart,449.084,408.164
Walmart,121.841,616.812
Walmart,296.089,207.792
Walmart,360.457,279.701
Walmart,343.359,808.554
Walmart,93.224,327.873
Walmart,14.781,14.883
Walmart,318.032,767.842
Walmart,495.275,177.905
Walmart,204.045,130.175
Walmart,417.681,118.058
Walmart,296.449,470.923
Walmart,340.053,239.056
Walmart,155.788,208.424
Walmart,161.355,445.229
Walmart,420.482,890.224
Walmart,477.134,291.014
Walmart,245.968,676.031
Walmart,428.075,869.787
Walmart,223.407,992.535
Walmart,334.132,77.351
Walmart,325.182,526.895
Walmart,206.451,315.797
Walmart,209.403,447.268
Walmart,31.09,234.313
Walmart,98.629,51.158
Walmart,369.379,196.218
Walmart,278.754,45.456
Walmart,355.661,412.671
Walmart,137.722,588.932
Walmart,323.214,420.388
Walmart,414.06,639.148
Walmart,263.165,346.712
Walmart,32.082,734.72
Walmart,354.964,744.013
Walmart,355.23,201.768
Walmart,328.078,460.033
Walmart,390.452,994.443
Walmart,182.717,865.354
Walmart,116.166,428.527
Walmart,371.564,608.827
Walmart,393.933,763.078
Walmart,157.217,978.374
Walmart,253.165,147.304
Walmart,365.788,620.59
Walmart,493.621,382.473
Walmart,190.077,433.972
Walmart,101.913,512.462
Walmart,217.375,62.013
Walmart,9.154,891.214
Walmart,187.067,494.292
Walmart,480.652,400.116
Walmart,359.987,803.219
Walmart,233.783,955.365
Walmart,364.57,611.119
Walmart,70.55,916.532
Walmart,364.597,43.274
Walmart,264.411,675.244
Walmart,123.221,535.209
Walmart,335.968,917.394
Walmart,185.205,578.032
Walmart,87.403,437.446
Walmart,190.512,583.551
Walmart,406.496,239.483
Walmart,332.579,401.142
Walmart,143.108,420.328
Walmart,74.088,315.595
Walmart,99.558,359.048
Walmart,297.981,927.444
Walmart,125.103,961.872
Walmart,234.904,615.609
Walmart,175.289,287.969
Walmart,262.998,863.813
Walmart,204.47,737.542
Walmart,84.018,688.303
Walmart,8.466,656.56
Walmart,83.955,373.249
Walmart,104.981,796.014
Walmart,424.668,423.587
Walmart,162.657,196.96
Walmart,112.331,789.945
Walmart,110.978,982.136
Walmart,290.403,319.532
Walmart,12.434,963.978
Walmart,438.659,190.485
Walmart,178.195,3.535
Walmart,426.523,837.737
Walmart,477.003,634.524
Walmart,453.131,781.453
Walmart,63.83,935.894
Walmart,448.454,729.721
Walmart,392.219,928.701
Walmart,69.481,833.94
Walmart,383.809,669.717
Walmart,378.281,462.123
Walmart,315.125,493.131
Walmart,353.063,213.639
Walmart,98.172,523.424
Walmart,387.126,214.856
Walmart,61.481,119.347
Walmart,96.6,292.701
Walmart,201.101,213.552
Walmart,390.985,514.211
Walmart,367.828,234.313
Walmart,62.276,177.295
Walmart,295.292,935.619
Walmart,479.685,900.292
Walmart,489.356,710.255
Walmart,444.195,905.935
Walmart,220.701,666.461
Walmart,180.58,68.674
Walmart,100.158,368.351
Walmart,416.597,352.549
Walmart,16.702,103.14
Walmart,97.924,238.302
Walmart,282.529,485.527
Walmart,397.979,265.566
Walmart,65.466,150.841
Walmart,412.021,729.008
Walmart,156.676,216.853
Walmart,238.797,938.307
Walmart,314.627,601.008
Walmart,356.054,490.009
Walmart,70.334,991.565
Walmart,468.781,894.947
Walmart,173.409,282.783
Walmart,251.773,658.213
Walmart,471.217,694.351
Walmart,391.325,493.625
Walmart,375.732,28.787
Walmart,338.997,925.392
Walmart,123.809,818.67
Walmart,84.114,907.467
Walmart,176.229,672.732
Walmart,35.237,487.943
Walmart,256.72,737.213
Walmart,233.492,667.822
Walmart,382.199,49.298
Walmart,459.582,700.63
Walmart,328.704,309.596
Walmart,209.628,712.023
Walmart,334.303,134.766
Walmart,5.598,667.328
Walmart,208.996,14.834
Walmart,324.614,277.699
Walmart,207.739,8.024
Walmart,174.968,477.185
Walmart,297.609,85.982
Walmart,49.953,876.162
Walmart,22.323,36.982
Walmart,47.197,928.094
Walmart,468.374,692.402
Walmart,160.834,378.211
Walmart,191.444,710.326
Walmart,210.078,84.731
Walmart,348.768,301.393
Walmart,232.548,742.513
Walmart,455.138,199.279
Walmart,294.381,488.942
Walmart,487.615,513.716
Walmart,136.686,436.534
Walmart,131.685,890.089
Walmart,409.318,256.974
Walmart,229.566,369.984
Walmart,227.586,35.107
Walmart,23.748,519.935
Walmart,49.424,384.209
Walmart,300.877,732.713
Walmart,476.453,829.792
Walmart,233.452,643.852
Walmart,26.429,919.031
Walmart,349.889,526.817
Walmart,433.92,665.754
Walmart,284.222,754.634
Walmart,58.904,590.753
Walmart,15.937,37.424
Walmart,380.954,122.703
Walmart,79.492,790.17
Walmart,307.258,66.112
Walmart,85.068,525.106
Walmart,464.383,771.321
Walmart,395.632,787.51
Walmart,358.242,343.36
Walmart,35.172,613.098
Walmart,374.459,334.354
Walmart,397.553,664.992
Walmart,458.304,210.064
Walmart,468.693,226.44
Walmart,107.407,76.97
Walmart,142.542,778.732
Walmart,485.751,272.203
Walmart,216.128,454.871
Walmart,374.133,788.509
Walmart,436.619,19.926
Walmart,175.619,608.311
Walmart,37.518,298.753
Walmart,264.691,584.061
Walmart,55.472,896.614
Walmart,205.376,924.11
Walmart,398.66,123.222
Walmart,224.147,40.622
Walmart,15.829,389.697
Walmart,482.107,700.38
Walmart,92.588,910.734
Walmart,325.039,635.77
Walmart,392.725,169.15
Walmart,241.231,209.937
Walmart,284.466,157.442
Walmart,396.144,465.042
Walmart,277.374,86.292
Walmart,224.494,808.451
Walmart,82.782,879.194
Walmart,338.443,51.556
Walmart,482.462,539.378
Walmart,146.825,149.817
Walmart,465.823,391.348
Walmart,335.672,278.967
Walmart,252.359,324.371
Walmart,373.238,832.593
Walmart,54.343,923.482
Walmart,121.961,673.4
Walmart,43.405,112.136
Walmart,163.559,713.846
Walmart,342.744,833.011
Walmart,293.856,5.523
Walmart,195.534,419.655
Walmart,8.22,552.901
Walmart,188.18,807.872
Walmart,165.342,415.135
Walmart,184.183,457.376
Walmart,183.075,448.961
Walmart,465.779,259.941
Walmart,30.059,542.338
Walmart,348.022,787.614
Walmart,242.39,889.891
Walmart,189.616,245.408
Walmart,204.067,310.643
Walmart,2.451,696.76
Walmart,26.777,15.781
Walmart,450.628,966.543
Walmart,349.808,754.435
Walmart,363.499,154.244
Walmart,416.763,345.387
Walmart,275.898,255.054
Walmart,339.285,732.107
Walmart,292.793,175.056
Walmart,473.253,503.589
Walmart,100.678,206.118
Walmart,442.206,326.613
Walmart,227.663,803.666
Walmart,231.691,917.101
Walmart,9.007,122.141
Walmart,179.201,97.173
Walmart,232.744,421.38
Walmart,244.747,744.606
Walmart,155.199,44.661
Walmart,463.516,755.135
Walmart,53.616,167.677
Walmart,40.175,673.581
Walmart,442.007,601.636
Walmart,355.59,726.729
Walmart,128.572,932.189
Walmart,203.876,135.362
Walmart,472.264,793.3
Walmart,284.261,856.707
Walmart,342.018,765.15
Walmart,426.982,793.289
Walmart,96.728,622.831
Walmart,53.836,125.077
Walmart,405.671,912.071
Walmart,66.397,99.931
Walmart,494.208,603.548
Walmart,324.805,642.172
Walmart,259.967,721.241
Walmart,132.165,89.881
Walmart,278.387,778.793
Walmart,226.771,705.405
Walmart,396.338,785.291
Walmart,66.288,729.356
Walmart,70.745,203.197
Walmart,200.649,547.388
Walmart,183.338,221.208
Walmart,247.367,466.531
Walmart,114.993,396.486
Walmart,185.775,129.477
Walmart,210.593,988.568
Walmart,124.046,722.752
Walmart,405.406,332.977
Walmart,274.948,255.626
Walmart,194.701,83.963
Walmart,29.873,713.004
Walmart,62.165,387.284
Walmart,352.234,225.885
Walmart,218.408,12.413
Walmart,428.393,676.411
Walmart,218.29,388.971
Walmart,108.915,628.2
Walmart,42.058,728.243
Walmart,258.909,368.186
Walmart,78.876,963.464
Walmart,177.151,19.857
Walmart,22.955,827.925
Walmart,351.232,988.078
Walmart,185.068,298.929
Walmart,60.001,842.721
Walmart,104.994,576.344
Walmart,455.994,835.657
Walmart,445.526,786.136
Walmart,372.846,549.664
Walmart,67.131,943.489
Walmart,361.717,30.653
Walmart,378.691,405.717
Walmart,59.915,476.788
Walmart,286.411,243.741
Walmart,380.834,73.652
Walmart,460.141,855.585
Walmart,272.804,467.061
Walmart,108.384,563.941
Walmart,134.944,703.801
Walmart,153.788,919.151
Walmart,155.219,212.203
Walmart,379.015,55.993
Walmart,407.757,299.178
Walmart,388.334,731.253
Walmart,464.849,683.002
Walmart,288.162,436.923
Walmart,436.498,630.432
Walmart,48.324,677.368
Walmart,376.462,801.755
Walmart,86.894,464.301
Walmart,206.264,751.102
Walmart,488.836,31.688
Walmart,464.254,182.3
Walmart,155.649,847.47
Walmart,298.672,629.039
Walmart,10.286,748.545
Walmart,143.649,269.561
Walmart,418.739,285.705
Walmart,174.42,176.524
Walmart,100.909,179.512
Walmart,453.22,27.489
Walmart,170.401,516.44
Walmart,258.169,560.212
Walmart,195.513,636.358
Walmart,224.898,949.486
Walmart,355.051,539.919
Walmart,184.518,148.052
Walmart,430.745,752.296
Walmart,386.505,228.857
Walmart,128.669,323.77
Walmart,340.54,295.917
Walmart,188.173,277.645
Walmart,303.037,378.866
Walmart,212.926,326.687
Walmart,466.628,754.644
Walmart,255.359,131.047
Walmart,274.694,773.681
Walmart,361.139,450.677
Walmart,122.967,366.068
Walmart,141.638,751.827
Walmart,9.854,280.078
Walmart,279.56,100.621
Walmart,235.115,266.141
Walmart,401.419,124.95
Walmart,240.707,692.589
Walmart,23.097,136.025
Walmart,62.662,969.671
Walmart,349.124,759.321
Walmart,322.855,29.607
Walmart,118.096,691.928
Walmart,217.343,397.526
Walmart,401.707,890.639
Walmart,210.26,707.748
Walmart,237.575,102.287
Walmart,83.175,628.983
Walmart,171.885,333.063
Walmart,0.864,125.375
Walmart,345.609,697.505
Walmart,43.956,781.453
Walmart,223.164,857.665
Walmart,197.987,326.051
Walmart,197.795,473.301
Walmart,100.926,749.118
Walmart,111.241,702.964
Walmart,17.588,971.159
Walmart,167.276,585.925
Walmart,380.583,796.607
Walmart,92.182,36.689
Walmart,334.983,209.78
Walmart,243.07,235.252
Walmart,167.879,564.64
Walmart,238.925,863.009
Walmart,462.342,261.987
Walmart,360.664,573.517
Walmart,72.196,924.411
Walmart,40.317,47.909
Walmart,194.955,549.352
Walmart,224.098,313.351
Walmart,319.768,977.23
Walmart,346.597,198.41
Walmart,485.214,12.083
Walmart,308.707,773.84
Walmart,465.806,929.616
Walmart,499.141,883.573
Walmart,122.254,789.863
Walmart,357.552,114.569
Walmart,196.355,156.118
Walmart,203.861,559.213
Walmart,11.869,824.406
Walmart,370.742,406.961
Walmart,247.946,969.128
Walmart,257.857,932.379
Walmart,424.985,656.314
Walmart,142.791,227.332
Walmart,64.299,146.429
Walmart,60.544,772.733
Walmart,460.188,607.475
Walmart,183.801,385.287
Walmart,126.644,902.24
Walmart,200.417,211.872
Walmart,458.292,221.496
Walmart,397.902,547.182
Walmart,31.22,60.872
Walmart,419.514,632.56
Walmart,15.547,882.457
Walmart,390.634,401.612
Walmart,244.884,395.093
Walmart,105.068,466.677
Walmart,101.604,85.546
Walmart,172.014,83.617
Walmart,281.051,66.304
Walmart,477.085,112.797
Walmart,398.666,910.979
Walmart,479.91,452.937
Walmart,24.54,496.925
Walmart,28.539,763.539
Walmart,372.572,540.331
Walmart,84.139,236.318
Walmart,139.054,770.041
Walmart,439.31,266.738
Walmart,312.845,748.032
Walmart,216.26,259.5
Walmart,390.662,219.724
Walmart,81.661,475.164
Walmart,272.355,8.194
Walmart,150.296,521.509
Walmart,346.568,705.818
Walmart,74.257,193.758
Walmart,231.276,153.222
Walmart,244.565,920.281
Walmart,206.838,116.638
Walmart,143.431,128.787
Walmart,131.688,810.948
Walmart,352.899,837.156
Walmart,306.474,354.476
Walmart,362.273,997.088
Walmart,170.298,361.61
Walmart,153.807,20.219
Walmart,262.01,141.39
Walmart,161.801,678.595
Walmart,306.703,691.401
Walmart,273.939,810.53
Walmart,199.069,254.317
Walmart,318.912,670.938
Walmart,80.451,279.908
Walmart,473.909,535.809
Walmart,180.201,621.5
Walmart,178.89,313.8
Walmart,275.366,183.335
Walmart,212.094,205.74
Walmart,61.071,672.126
Walmart,482.038,121.797
Walmart,51.913,322.449
Walmart,352.303,162.895
Walmart,392.261,770.719
Walmart,294.336,811.375
Walmart,288.677,605.524
Walmart,402.551,774.907
Walmart,49.411,204.565
Walmart,64.456,721.492
Walmart,267.917,187.105
Walmart,138.106,524.336
Walmart,249.001,266.12
Walmart,244.415,160.189
Walmart,17.899,542.509
Walmart,90.492,533.263
Walmart,315.4,211.951
Walmart,416.84,237.825
Walmart,385.441,161.279
Walmart,395.254,962.159
Walmart,158.248,486.808
Walmart,429.629,704.267
Walmart,429.782,320.515
Walmart,404.834,905.918
Walmart,49.646,340.315
Walmart,223.837,498.959
Walmart,27.05,740.274
Walmart,76.777,701.629
Walmart,497.022,412.03
Walmart,428.701,437.929
Walmart,343.897,932.091
Walmart,45.145,778.763
Walmart,355.827,773.51
Walmart,271.932,892.819
Walmart,65.083,358.725
Walmart,25.745,538.123
Walmart,62.66,780.346
Walmart,179.362,82.847
Walmart,405.574,714.846
Walmart,430.095,545.462
Walmart,264.746,45.572
Walmart,330.701,307.908
Walmart,256.523,903.008
Walmart,477.473,363.217
Walmart,252.333,256.313
Walmart,56.612,513.332
Walmart,99.138,448.021
Walmart,223.361,242.987
Walmart,355.275,473.549
Walmart,47.74,584.588
Walmart,263.86,981.932
Walmart,400.22,779.955
Walmart,209.98,168.116
Walmart,130.548,511.036
Walmart,409.624,544.682
Walmart,52,608.067
Walmart,78.443,321.591
Walmart,266.295,545.351
Walmart,365.151,700.99
Walmart,211.657,118.761
Walmart,272.34,107.236
Walmart,184.094,477.94
Walmart,40.48,370.745
Walmart,425.521,756.241
Walmart,444.93,740.485
Walmart,170.369,930.208
Walmart,166.3,344.561
Walmart,206.934,607.008
Walmart,78.356,190.139
Walmart,368.832,433.614
Walmart,245.21,63.742
Walmart,486.538,190.31
Walmart,427.04,119.833
Walmart,243.68,324.306
Walmart,17.342,581.718
Walmart,432.761,468.93
Walmart,328.598,870.65
Walmart,172.033,733.868
Walmart,1.562,970.781
Walmart,230.468,181.578
Walmart,70.739,914.462
Walmart,282.134,313.498
Walmart,471.286,407.916
Walmart,57.946,335.492
Walmart,399.677,464.446
Walmart,495.472,580.547
Walmart,304.022,904.355
Walmart,80.106,622.429
Walmart,147.149,741.857
Walmart,219.583,443.915
Walmart,394.289,118.137
Walmart,17.054,205.574
Walmart,255.275,956.362
Walmart,209.179,313.006
Walmart,461.171,314.554
Walmart,13.06,650.245
Walmart,330.518,36.228
Walmart,106.722,5.514
Walmart,413.94,803.846
Walmart,178.981,497.934
Walmart,314.501,696.288
Walmart,302.93,125.349
Walmart,401.179,53.051
Walmart,0.885,902.464
Walmart,130.314,69.973
Walmart,196.625,561.532
Walmart,104.904,580.933
Walmart,157.962,569.192
Walmart,411.296,807.613
Walmart,385.428,19.82
Walmart,392.926,948.657
Walmart,170.488,883.852
Walmart,311.853,153.616
Walmart,245.787,752.318
Walmart,234.267,533.772
Walmart,180.567,453.374
Walmart,381.984,178.797
Walmart,404.883,233.746
Walmart,376.544,143.253
Walmart,58.303,264.069
Walmart,344.021,99.35
Walmart,68.986,858.894
Walmart,204.109,105.37
Walmart,347.538,768.938
Walmart,373.969,82.783
Walmart,379.991,722.467
Walmart,250.233,875.74
Walmart,279.475,628.625
Walmart,326.812,915.898
Walmart,458.532,322.652
Walmart,497.605,310.648
Walmart,216.666,345.58
Walmart,474.41,987.26
Walmart,143.204,745.757
Walmart,480.071,433.747
Walmart,302.65,132.186
Walmart,375.82,23.441
Walmart,86.923,324.73
Walmart,360.258,540.452
Walmart,24.589,478.551
Walmart,406.309,366.532
Walmart,249.318,652.447
Walmart,455.497,376.864
Walmart,354.617,130.335
Walmart,478.344,433.677
Walmart,194.391,469.931
Walmart,326.192,910.734
Walmart,363.972,956.473
Walmart,426.715,192.414
Walmart,113.212,34.539
Walmart,230.521,695.222
Walmart,470.47,50.01
Walmart,329.738,850.785
Walmart,340.331,383.918
Walmart,103.165,234.559
Walmart,88.286,858.648
Walmart,432.325,19.026
Walmart,499.484,557.993
Walmart,69.631,142.826
Walmart,423.923,106.524
Walmart,184.183,193.27
Walmart,436.79,592.274
Walmart,252.218,416.553
Walmart,98.701,608.516
Walmart,1.93,42.844
Walmart,440.592,274.692
Walmart,151.276,156.525
Walmart,213.796,130.493
Walmart,486.624,725.41
Walmart,210.781,884.372
Walmart,373.835,702.962
Walmart,432.561,408.252
Walmart,449.827,776.251
Walmart,171.182,789.024
Walmart,81.024,813.204
Walmart,51.046,464.072
Walmart,455.755,988.606
Walmart,439.984,333.569
Walmart,281.902,554.762
Walmart,69.517,644.77
Walmart,278.731,993.902
Walmart,147.518,294.188
Walmart,301.166,432.862
Walmart,299.474,123.811
Walmart,35.782,670.075
Walmart,462.281,708.973
Walmart,319.268,191.673
Walmart,139.351,983.847
Walmart,154.125,317.146
Walmart,418.954,73.678
Walmart,495.466,988.724
Walmart,198.641,240.097
Walmart,465.434,34.14
Walmart,67.082,120.685
Walmart,464.706,764.874
Walmart,270.951,707.924
Walmart,77.464,267.342
Walmart,224.345,914.78
Walmart,245.32,626.571
Walmart,346.082,957.815
Walmart,261.852,786.855
Walmart,73.344,640.08
Walmart,327.127,346.894
Walmart,121.625,227.5
Walmart,234.446,425.012
Walmart,220.824,622.762
Walmart,401.742,616.064
Walmart,82.309,361.793
Walmart,180.259,150.363
Walmart,150.08,543.234
Walmart,251.961,238.846
Walmart,232.063,996.773
Walmart,15.406,909.047
Walmart,368.422,819.904
Walmart,80.422,720.256
Walmart,128.888,406.72
Walmart,428.447,674.867
Walmart,443.483,978.115
Walmart,148.333,332.122
Walmart,192.522,889.796
Walmart,338.028,599.654
Walmart,207.417,541.818
Walmart,383.355,878.722
Walmart,63.533,520.178
Walmart,271.935,45.019
Walmart,76.164,821.93
Walmart,242.042,115.59
Walmart,294.645,188.202
Walmart,159.486,442.907
Walmart,46.238,567.798
Walmart,47.652,166.089
Walmart,217.574,321.59
Walmart,25.553,531.058
Walmart,402.545,163.223
Walmart,177.355,940.778
Walmart,95.047,119.311
Walmart,289.733,628.448
Walmart,319.441,917.442
Walmart,23.354,335.557
Walmart,148.369,215.829
Walmart,358.469,274.238
Walmart,47.933,687.665
Walmart,75.698,953.736
Walmart,447.667,780.294
Walmart,143.098,412.055
Walmart,90.658,771.792
Walmart,418.329,559.451
Walmart,26.94,336.582
Walmart,278.343,326.397
Walmart,492.171,75.865
Walmart,315.573,657.67
Walmart,492.855,946.632
Walmart,188.498,845.413
Walmart,17.72,807.252
Walmart,75.01,310.152
Walmart,416.028,814.301
Walmart,51.596,329.598
Walmart,473.8,857.235
Walmart,167.376,432.821
Walmart,437.136,444.595
Walmart,8.374,171.209
Walmart,342.828,540.484
Walmart,314.53,334.059
Walmart,495.647,743.265
Walmart,490.832,344.607
Walmart,91.414,966.691
Walmart,475.553,649.59
Walmart,314.744,964.926
Walmart,496.382,371.991
Walmart,256.061,962.79
Walmart,168.754,446.578
Walmart,475.499,56.221
Walmart,114.283,872.35
Walmart,179.73,137.85
Walmart,290.274,333.219
Walmart,26.563,962.445
Walmart,51.625,372.863
Walmart,334.789,261.55
Walmart,92.441,948.777
Walmart,468.578,252.871
Walmart,140.987,121.37
Walmart,106.375,801.415
Walmart,231.762,500.284
Walmart,179.454,833.82
Walmart,161.869,344.078
Walmart,156.739,850.279
Walmart,194.022,682.951
Walmart,64.179,505.994
Walmart,363.557,193.682
Walmart,39.876,574.982
Walmart,193.745,510.45
Walmart,133.902,931.233
Walmart,2.143,816.67
Walmart,294.892,491.392
Walmart,294.062,486.862
Walmart,328.573,263.781
Walmart,130.019,867.242
Walmart,182.469,620.301
Walmart,151.583,214.926
Walmart,437.755,333.753
Walmart,471.527,313.331
Walmart,227.843,3.6
Walmart,448.356,699.769
Walmart,114.763,775.474
Walmart,26.376,881.956
Walmart,257.39,646.062
Walmart,147.194,632.846
Walmart,431.743,488.552
Walmart,169.568,342.988
Walmart,382.318,38.52
Walmart,248.461,215.56
Walmart,210.354,292.058
Walmart,5.281,472.075
Walmart,99.36,809.871
Walmart,336.726,625.676
Walmart,473.557,433.474
Walmart,57.354,146.564
Walmart,490.673,769.088
Walmart,482.666,569.607
Walmart,134.699,969.051
Walmart,490.176,904.607
Walmart,298.298,546.729
Walmart,45.628,563.294
Walmart,251.769,415.608
Walmart,327.519,924.516
Walmart,133.529,375.623
Walmart,261.278,185.755
Walmart,396.133,824.02
Walmart,207.821,798.057
Walmart,13.336,717.385
Walmart,322.696,452.946
Walmart,175.143,418.327
Walmart,76.897,169.052
Walmart,294.854,296.378
Walmart,19.734,983.652
Walmart,371.873,584.547
Walmart,262.771,72.623
Walmart,359.241,739.554
Walmart,316.487,449.47
Walmart,338.996,762.441
Walmart,115.34,290.414
Walmart,461.769,497.012
Walmart,170.756,24.231
Walmart,369.871,78.288
Walmart,270.23,721.667
Walmart,411.99,253.308
Walmart,476.236,391.076
Walmart,171.862,118.532
Walmart,499.205,345.885
Walmart,463.157,402.827
Walmart,382.706,637.697
Walmart,147.645,702.717
Walmart,462.063,379.265
Walmart,75.196,439.857
Walmart,119.675,714.935
Walmart,419.976,75.662
Walmart,142.22,949.794
Walmart,14.592,519.56
Walmart,176.529,682.773
Walmart,277.75,1.63
Walmart,446.766,235.364
Walmart,494.508,323.475
Walmart,229.622,979.642
Walmart,449.084,818.001
Walmart,23.547,518.63
Walmart,256.941,701.29
Walmart,221.838,631.045
Walmart,340.784,792.351
Walmart,439.116,244.65
Walmart,138.391,939.184
Walmart,187.318,84.752
Walmart,28.38,489.56
Walmart,141.657,695.641
Walmart,291.963,848.938
Walmart,24.911,260.305
Walmart,419.514,429.359
Walmart,323.158,674.791
Walmart,250.02,379.989
Walmart,301.096,589.726
Walmart,126.962,292.729
Walmart,164.331,94.943
Walmart,203.267,588.961
Walmart,175.139,977.442
Walmart,257.474,726.784
Walmart,445.536,71.645
Walmart,486.048,306.462
Walmart,121.303,447.487
Walmart,233.328,639.941
Walmart,324.756,933.46
Walmart,202.538,178.166
Walmart,300.085,90.698
Walmart,57.818,992.006
Walmart,216.32,529.945
Walmart,367.437,926.318
Walmart,140.2,536.398
Walmart,232.536,274.991
Walmart,323.48,114.558
Walmart,117.55,438.743
Walmart,232.596,696.649
Walmart,366.146,138.345
Walmart,357.998,905.529
Walmart,291.883,71.709
Walmart,134.638,319.234
Walmart,253.152,419.907
Walmart,77.071,737.517
Walmart,327.594,886.157
Walmart,445.87,130.036
Walmart,287.36,759.86
Walmart,439.059,268.465
Walmart,362.889,213.432
Walmart,220.319,721.178
Walmart,421.254,442.763
Walmart,110.176,600.766
Walmart,263.249,109.168
Walmart,224.813,215.436
Walmart,151.516,125.277
Walmart,41.65,276.331
Walmart,175.466,828.86
Walmart,499.111,946.357
Walmart,24.599,676.652
Walmart,16.205,834.265
Walmart,396.543,370.201
Walmart,497.861,275.592
Walmart,416.693,898.152
Walmart,43.939,318.02
Walmart,468.321,75.304
Walmart,200.7,979.293
Walmart,128.334,577.269
Walmart,16.947,132.193
Walmart,433.256,674.437
Walmart,222.49,193.913
Walmart,51.128,472.437
Walmart,447.691,745.131
Walmart,405.058,430.793
Walmart,309.744,78.129
Walmart,492.691,200.412
Walmart,300.668,250.072
Walmart,289.14,544.955
Walmart,455.366,843.541
Walmart,455.932,527.782
Walmart,90.886,614.084
Walmart,286.056,943.269
Walmart,279.73,889.088
Walmart,98.832,631.519
Walmart,285.201,543.349
Walmart,123.519,971.389
Walmart,374.19,172.704
Walmart,98.242,412.317
Walmart,129.23,884.2
Walmart,447.766,125.069
Walmart,258.562,316.634
Walmart,91.047,166.55
Walmart,141.064,625.339
Walmart,179.448,561.073
Walmart,396.114,241.25
Walmart,323.514,14.039
Walmart,13.954,806.749
Walmart,446.9,967.534
Walmart,146.72,630.103
Walmart,240.659,603.535
Walmart,9.488,510.276
Walmart,328.022,860.808
Walmart,360.095,958.273
Walmart,84.021,56.876
Walmart,276.911,912.385
Walmart,364.455,872.761
Walmart,118.564,450.691
Walmart,476.503,815.797
Walmart,407.945,527.291
Walmart,464.776,279.626
Walmart,61.649,794.937
Walmart,13.209,646.924
Walmart,53.77,348.493
Walmart,361.945,316.017
Walmart,21.369,967.577
Walmart,117.665,638.951
Walmart,202.315,164.154
Walmart,28.463,123.573
Walmart,294.625,599.64
Walmart,322.716,5.738
Walmart,328.316,855.734
Walmart,214.083,380.461
Walmart,234.896,183.809
Walmart,262.278,864.225
Walmart,288.586,491.063
Walmart,417.983,30.674
Walmart,212.1,855.417
Walmart,426.649,439.06
Walmart,28.373,901.72
Walmart,104.484,649.353
Walmart,414.389,355.506
Walmart,383.202,576.862
Walmart,296.891,368.264
Walmart,13.745,120.378
Walmart,414.591,94.278
Walmart,159.285,125.361
Walmart,458.164,908.75
Walmart,182.758,300.632
Walmart,417.781,755.696
Walmart,180.861,856.418
Walmart,73.34,129.921
Walmart,319.971,621.754
Walmart,294.548,596.933
Walmart,18.408,214.934
Walmart,165.277,423.472
Walmart,26.896,555.575
Walmart,372.419,596.21
Walmart,418.963,643.894
Walmart,22.141,897.978
Walmart,142.347,356.563
Walmart,164.633,274.727
Walmart,71.49,451.051
Walmart,8.095,691.246
Walmart,196.115,507.177
Walmart,288.575,853.926
Walmart,347.81,558.211
Walmart,422.109,889.528
Walmart,293.013,364.322
Walmart,33.516,291.678
Walmart,298.544,887.504
Walmart,33.766,127.187
Walmart,438.531,362.103
Walmart,144.919,800.586
Walmart,100.201,846.891
Walmart,364.07,331.699
Walmart,11.495,797.124
Walmart,299.042,866.552
Walmart,41.165,663.63
Walmart,331.826,848.754
Walmart,294.572,474.729
Walmart,453.941,163.014
Walmart,183.126,186.342
Walmart,146.543,933.064
Walmart,20.955,279.277
Walmart,262.238,496.256
Walmart,44.68,867.487
Walmart,352.529,213.929
Walmart,312.823,852.571
Walmart,308.507,721.245
Walmart,257.265,198.847
Walmart,430.531,98.451
Walmart,12.241,963.508
Walmart,196.438,184.631
Walmart,94.822,187.426
Walmart,211.632,729.117
Walmart,186.408,42.496
Walmart,327.296,437.522
Walmart,86.884,42.142
Walmart,179.355,746.106
Walmart,394.859,145.92
Walmart,365.318,819.39
Walmart,185.41,587.705
Walmart,201.359,940.013
Walmart,58.021,657.821
Walmart,377.088,754.449
Walmart,359.137,639.229
Walmart,121.812,812.321
Walmart,426.629,304.204
Walmart,95.702,259.073
Walmart,11.628,564.135
Walmart,196.802,413.113
Walmart,163.616,882.513
Walmart,223.484,894.724
Walmart,38.858,654.17
Walmart,101.057,333.304
Walmart,389.777,236.449
Walmart,378.625,550.808
